[
  {
    "id": "12344",
    "name": "卧室的音箱",
    "type": "speaker",
    "room": "卧室"
  },
  {
    "id": "12345",
    "name": "卧室的空调",
    "type": "aircondition",
    "room": "卧室"
  },
  {
    "id": "12346",
    "name": "卧室的吸顶灯",
    "type": "light",
    "room": "卧室"
  },
  {
    "id": "12347",
    "name": "卧室的台灯",
    "type": "light",
    "room": "卧室"
  },
  {
    "id": "12348",
    "name": "卧室的加湿器",
    "type": "humidifier",
    "room": "卧室"
  },
  {
    "id": "12349",
    "name": "卧室的温度传感器",
    "type": "temperature_sensor",
    "room": "卧室"
  },
  {
    "id": "12350",
    "name": "卧室的窗帘",
    "type": "curtain",
    "room": "卧室"
  },
  {
    "id": "12344",
    "name": "客厅的音箱",
    "type": "speaker",
    "room": "客厅"
  },
  {
    "id": "12355",
    "name": "客厅的空调",
    "type": "aircondition",
    "room": "客厅"
  },
  {
    "id": "12356",
    "name": "客厅的吸顶灯",
    "type": "light",
    "room": "客厅"
  },
  {
    "id": "12357",
    "name": "客厅的台灯",
    "type": "light",
    "room": "客厅"
  },
  {
    "id": "12358",
    "name": "客厅的加湿器",
    "type": "humidifier",
    "room": "客厅"
  },
  {
    "id": "12359",
    "name": "客厅的温度传感器",
    "type": "temperature_sensor",
    "room": "客厅"
  },
  {
    "id": "12360",
    "name": "客厅的窗帘",
    "type": "curtain",
    "room": "客厅"
  }
]
